<?xml version="1.0" encoding="UTF-8"?>
<project-private xmlns="http://www.netbeans.org/ns/project-private/1">
    <editor-bookmarks xmlns="http://www.netbeans.org/ns/editor-bookmarks/2" lastBookmarkId="0"/>
    <open-files xmlns="http://www.netbeans.org/ns/projectui-open-files/2">
        <group>
            <file>file:/Users/Siva/NetBeansProjects/ProjectManagement23/public_html/assets/css/main.css</file>
            <file>file:/Users/Siva/NetBeansProjects/ProjectManagement23/public_html/style.css</file>
            <file>file:/Users/Siva/NetBeansProjects/ProjectManagement23/public_html/index.html</file>
            <file>file:/Users/Siva/NetBeansProjects/ProjectManagement23/public_html/contact.html</file>
            <file>file:/Users/Siva/NetBeansProjects/ProjectManagement23/public_html/popUp.js</file>
            <file>file:/Users/Siva/NetBeansProjects/ProjectManagement23/public_html/feedback.html</file>
            <file>file:/Users/Siva/NetBeansProjects/ProjectManagement23/public_html/assets/js/main.js</file>
        </group>
    </open-files>
</project-private>
